r,u
1,0x00000001
1,0x00000002
1,0x00000003
1,0x00000004
1,0x00000005
1,0x00000006
1,0x00000007
1,0x00000008
1,0x00000009
1,0x0000000a
1,0x0000000b
1,0x0000000c
1,0x0000000d
1,0x0000000e
1,0x0000000f
1,0x00000010
1,0x00000020
1,0x00000030
1,0x00000040
1,0x00000050
1,0x00000060
1,0x00000070
1,0x00000080
1,0x00000090
1,0x000000a0
1,0x000000b0
1,0x000000c0
1,0x000000d0
1,0x000000e0
1,0x000000f0
1,0x00000100
1,0x00000200
1,0x00000300
1,0x00000400
1,0x00000500
1,0x00000600
1,0x00000700
1,0x00000800
1,0x00000900
1,0x00000a00
1,0x00000b00
1,0x00000c00
1,0x00000d00
1,0x00000e00
1,0x00000f00
1,0x00001000
1,0x00002000
1,0x00003000
1,0x00004000
1,0x00005000
1,0x00006000
1,0x00007000
1,0x00008000
1,0x00009000
1,0x0000a000
1,0x0000b000
1,0x0000c000
1,0x0000d000
1,0x0000e000
1,0x0000f000
1,0x00010000
1,0x00020000
1,0x00030000
1,0x00040000
1,0x00050000
1,0x00060000
1,0x00070000
1,0x00080000
1,0x00090000
1,0x000a0000
1,0x000b0000
1,0x000c0000
1,0x000d0000
1,0x000e0000
1,0x000f0000
1,0x00100000
1,0x00200000
1,0x00300000
1,0x00400000
1,0x00500000
1,0x00600000
1,0x00700000
1,0x00800000
1,0x00900000
1,0x00a00000
1,0x00b00000
1,0x00c00000
1,0x00d00000
1,0x00e00000
1,0x00f00000
1,0x01000000
1,0x02000000
1,0x03000000
1,0x04000000
1,0x05000000
1,0x06000000
1,0x07000000
1,0x08000000
1,0x09000000
1,0x0a000000
1,0x0b000000
1,0x0c000000
1,0x0d000000
1,0x0e000000
1,0x0f000000
1,0x10000000
1,0x20000000
1,0x30000000
1,0x40000000
1,0x50000000
1,0x60000000
1,0x70000000
1,0x80000000
1,0x90000000
1,0xa0000000
1,0xb0000000
1,0xc0000000
1,0xd0000000
1,0xe0000000
1,0xf0000000
2,0x00000001
2,0x00000002
2,0x00000003
2,0x00000004
2,0x00000005
2,0x00000006
2,0x00000007
2,0x00000008
2,0x00000009
2,0x0000000a
2,0x0000000b
2,0x0000000c
2,0x0000000d
2,0x0000000e
2,0x0000000f
2,0x00000010
2,0x00000020
2,0x00000030
2,0x00000040
2,0x00000050
2,0x00000060
2,0x00000070
2,0x00000080
2,0x00000090
2,0x000000a0
2,0x000000b0
2,0x000000c0
2,0x000000d0
2,0x000000e0
2,0x000000f0
2,0x00000100
2,0x00000200
2,0x00000300
2,0x00000400
2,0x00000500
2,0x00000600
2,0x00000700
2,0x00000800
2,0x00000900
2,0x00000a00
2,0x00000b00
2,0x00000c00
2,0x00000d00
2,0x00000e00
2,0x00000f00
2,0x00001000
2,0x00001001
2,0x00001002
2,0x00001003
2,0x00001004
2,0x00001005
2,0x00001006
2,0x00001007
2,0x00001008
2,0x00001009
2,0x0000100a
2,0x0000100b
2,0x0000100c
2,0x0000100d
2,0x0000100e
2,0x0000100f
2,0x00001010
2,0x00001020
2,0x00001030
2,0x00001040
2,0x00001050
2,0x00001060
2,0x00001070
2,0x00001080
2,0x00001090
2,0x000010a0
2,0x000010b0
2,0x000010c0
2,0x000010d0
2,0x000010e0
2,0x000010f0
2,0x00001200
2,0x00001400
2,0x00001600
2,0x00002000
2,0x00002001
2,0x00002002
2,0x00002003
2,0x00002004
2,0x00002005
2,0x00002006
2,0x00002007
2,0x00002008
2,0x00002009
2,0x0000200a
2,0x0000200b
2,0x0000200c
2,0x0000200d
2,0x0000200e
2,0x0000200f
2,0x00002010
2,0x00002020
2,0x00002030
2,0x00002040
2,0x00002050
2,0x00002060
2,0x00002070
2,0x00002080
2,0x00002090
2,0x000020a0
2,0x000020b0
2,0x000020c0
2,0x000020d0
2,0x000020e0
2,0x000020f0
2,0x00002100
2,0x00002200
2,0x00002300
2,0x00002400
2,0x00002500
2,0x00002600
2,0x00002700
2,0x00002800
2,0x00002900
2,0x00002a00
2,0x00002b00
2,0x00002c00
2,0x00002d00
2,0x00002e00
2,0x00002f00
2,0x00003000
2,0x00003001
2,0x00003002
2,0x00003003
2,0x00003004
2,0x00003005
2,0x00003006
2,0x00003007
2,0x00003008
2,0x00003009
2,0x0000300a
2,0x0000300b
2,0x0000300c
2,0x0000300d
2,0x0000300e
2,0x0000300f
2,0x00003010
2,0x00003020
2,0x00003030
2,0x00003040
2,0x00003050
2,0x00003060
2,0x00003070
2,0x00003080
2,0x00003090
2,0x000030a0
2,0x000030b0
2,0x000030c0
2,0x000030d0
2,0x000030e0
2,0x000030f0
2,0x00003200
2,0x00003400
2,0x00003600
2,0x00004000
2,0x00004001
2,0x00004002
2,0x00004003
2,0x00004004
2,0x00004005
2,0x00004006
2,0x00004007
2,0x00004008
2,0x00004009
2,0x0000400a
2,0x0000400b
2,0x0000400c
2,0x0000400d
2,0x0000400e
2,0x0000400f
2,0x00004010
2,0x00004020
2,0x00004030
2,0x00004040
2,0x00004050
2,0x00004060
2,0x00004070
2,0x00004080
2,0x00004090
2,0x000040a0
2,0x000040b0
2,0x000040c0
2,0x000040d0
2,0x000040e0
2,0x000040f0
2,0x00004100
2,0x00004200
2,0x00004300
2,0x00004400
2,0x00004500
2,0x00004600
2,0x00004700
2,0x00004800
2,0x00004900
2,0x00004a00
2,0x00004b00
2,0x00004c00
2,0x00004d00
2,0x00004e00
2,0x00005000
2,0x00005001
2,0x00005002
2,0x00005003
2,0x00005004
2,0x00005005
2,0x00005006
2,0x00005007
2,0x00005008
2,0x00005009
2,0x0000500a
2,0x0000500b
2,0x0000500c
2,0x0000500d
2,0x0000500e
2,0x0000500f
2,0x00005010
2,0x00005020
2,0x00005030
2,0x00005040
2,0x00005050
2,0x00005060
2,0x00005070
2,0x00005080
2,0x00005090
2,0x000050a0
2,0x000050b0
2,0x000050c0
2,0x000050d0
2,0x000050e0
2,0x000050f0
2,0x00005100
2,0x00005200
2,0x00005300
2,0x00005400
2,0x00005500
2,0x00005600
2,0x00005700
2,0x00005800
2,0x00005900
2,0x00005a00
2,0x00005b00
2,0x00005c00
2,0x00005d00
2,0x00005e00
2,0x00006000
2,0x00006001
2,0x00006002
2,0x00006003
2,0x00006004
2,0x00006005
2,0x00006006
2,0x00006007
2,0x00006008
2,0x00006009
2,0x0000600a
2,0x0000600b
2,0x0000600c
2,0x0000600d
2,0x0000600e
2,0x0000600f
2,0x00006010
2,0x00006020
2,0x00006030
2,0x00006040
2,0x00006050
2,0x00006060
2,0x00006070
2,0x00006080
2,0x00006090
2,0x000060a0
2,0x000060b0
2,0x000060c0
2,0x000060d0
2,0x000060e0
2,0x000060f0
2,0x00006100
2,0x00006200
2,0x00006300
2,0x00006400
2,0x00006500
2,0x00006600
2,0x00006700
2,0x00006800
2,0x00006900
2,0x00006a00
2,0x00006b00
2,0x00006c00
2,0x00006d00
2,0x00006e00
2,0x00007000
2,0x00007001
2,0x00007002
2,0x00007003
2,0x00007004
2,0x00007005
2,0x00007006
2,0x00007007
2,0x00007008
2,0x00007009
2,0x0000700a
2,0x0000700b
2,0x0000700c
2,0x0000700d
2,0x0000700e
2,0x0000700f
2,0x00007010
2,0x00007020
2,0x00007030
2,0x00007040
2,0x00007050
2,0x00007060
2,0x00007070
2,0x00007080
2,0x00007090
2,0x000070a0
2,0x000070b0
2,0x000070c0
2,0x000070d0
2,0x000070e0
2,0x000070f0
2,0x00007100
2,0x00007200
2,0x00007300
2,0x00007400
2,0x00007500
2,0x00007600
2,0x00007700
2,0x00007800
2,0x00007900
2,0x00007a00
2,0x00007b00
2,0x00007c00
2,0x00007d00
2,0x00007e00
2,0x00008000
2,0x00008001
2,0x00008002
2,0x00008003
2,0x00008004
2,0x00008005
2,0x00008006
2,0x00008007
2,0x00008008
2,0x00008009
2,0x0000800a
2,0x0000800b
2,0x0000800c
2,0x0000800d
2,0x0000800e
2,0x0000800f
2,0x00008010
2,0x00008020
2,0x00008030
2,0x00008040
2,0x00008050
2,0x00008060
2,0x00008070
2,0x00008080
2,0x00008090
2,0x000080a0
2,0x000080b0
2,0x000080c0
2,0x000080d0
2,0x000080e0
2,0x000080f0
2,0x00008200
2,0x00008400
2,0x00008600
2,0x00009000
2,0x00009001
2,0x00009002
2,0x00009003
2,0x00009004
2,0x00009005
2,0x00009006
2,0x00009007
2,0x00009008
2,0x00009009
2,0x0000900a
2,0x0000900b
2,0x0000900c
2,0x0000900d
2,0x0000900e
2,0x0000900f
2,0x00009010
2,0x00009020
2,0x00009030
2,0x00009040
2,0x00009050
2,0x00009060
2,0x00009070
2,0x00009080
2,0x00009090
2,0x000090a0
2,0x000090b0
2,0x000090c0
2,0x000090d0
2,0x000090e0
2,0x000090f0
2,0x00009200
2,0x00009400
2,0x00009600
2,0x0000a000
2,0x0000a001
2,0x0000a002
2,0x0000a003
2,0x0000a004
2,0x0000a005
2,0x0000a006
2,0x0000a007
2,0x0000a008
2,0x0000a009
2,0x0000a00a
2,0x0000a00b
2,0x0000a00c
2,0x0000a00d
2,0x0000a00e
2,0x0000a00f
2,0x0000a010
2,0x0000a020
2,0x0000a030
2,0x0000a040
2,0x0000a050
2,0x0000a060
2,0x0000a070
2,0x0000a080
2,0x0000a090
2,0x0000a0a0
2,0x0000a0b0
2,0x0000a0c0
2,0x0000a0d0
2,0x0000a0e0
2,0x0000a0f0
2,0x0000a200
2,0x0000a400
2,0x0000a600
2,0x0000b000
2,0x0000b001
2,0x0000b002
2,0x0000b003
2,0x0000b004
2,0x0000b005
2,0x0000b006
2,0x0000b007
2,0x0000b008
2,0x0000b009
2,0x0000b00a
2,0x0000b00b
2,0x0000b00c
2,0x0000b00d
2,0x0000b00e
2,0x0000b00f
2,0x0000b010
2,0x0000b020
2,0x0000b030
2,0x0000b040
2,0x0000b050
2,0x0000b060
2,0x0000b070
2,0x0000b080
2,0x0000b090
2,0x0000b0a0
2,0x0000b0b0
2,0x0000b0c0
2,0x0000b0d0
2,0x0000b0e0
2,0x0000b0f0
2,0x0000b200
2,0x0000b400
2,0x0000b600
2,0x0000c000
2,0x0000c001
2,0x0000c002
2,0x0000c003
2,0x0000c004
2,0x0000c005
2,0x0000c006
2,0x0000c007
2,0x0000c008
2,0x0000c009
2,0x0000c00a
2,0x0000c00b
2,0x0000c00c
2,0x0000c00d
2,0x0000c00e
2,0x0000c00f
2,0x0000c010
2,0x0000c020
2,0x0000c030
2,0x0000c040
2,0x0000c050
2,0x0000c060
2,0x0000c070
2,0x0000c080
2,0x0000c090
2,0x0000c0a0
2,0x0000c0b0
2,0x0000c0c0
2,0x0000c0d0
2,0x0000c0e0
2,0x0000c0f0
2,0x0000c200
2,0x0000c400
2,0x0000c600
2,0x0000d000
2,0x0000d001
2,0x0000d002
2,0x0000d003
2,0x0000d004
2,0x0000d005
2,0x0000d006
2,0x0000d007
2,0x0000d008
2,0x0000d009
2,0x0000d00a
2,0x0000d00b
2,0x0000d00c
2,0x0000d00d
2,0x0000d00e
2,0x0000d00f
2,0x0000d010
2,0x0000d020
2,0x0000d030
2,0x0000d040
2,0x0000d050
2,0x0000d060
2,0x0000d070
2,0x0000d080
2,0x0000d090
2,0x0000d0a0
2,0x0000d0b0
2,0x0000d0c0
2,0x0000d0d0
2,0x0000d0e0
2,0x0000d0f0
2,0x0000d200
2,0x0000d400
2,0x0000d600
2,0x0000e000
2,0x0000e001
2,0x0000e002
2,0x0000e003
2,0x0000e004
2,0x0000e005
2,0x0000e006
2,0x0000e007
2,0x0000e008
2,0x0000e009
2,0x0000e00a
2,0x0000e00b
2,0x0000e00c
2,0x0000e00d
2,0x0000e00e
2,0x0000e00f
2,0x0000e010
2,0x0000e020
2,0x0000e030
2,0x0000e040
2,0x0000e050
2,0x0000e060
2,0x0000e070
2,0x0000e080
2,0x0000e090
2,0x0000e0a0
2,0x0000e0b0
2,0x0000e0c0
2,0x0000e0d0
2,0x0000e0e0
2,0x0000e0f0
2,0x0000e200
2,0x0000e400
2,0x0000e600
2,0x0000f000
2,0x0000f001
2,0x0000f002
2,0x0000f003
2,0x0000f004
2,0x0000f005
2,0x0000f006
2,0x0000f007
2,0x0000f008
2,0x0000f009
2,0x0000f00a
2,0x0000f00b
2,0x0000f00c
2,0x0000f00d
2,0x0000f00e
2,0x0000f00f
2,0x0000f010
2,0x0000f020
2,0x0000f030
2,0x0000f040
2,0x0000f050
2,0x0000f060
2,0x0000f070
2,0x0000f080
2,0x0000f090
2,0x0000f0a0
2,0x0000f0b0
2,0x0000f0c0
2,0x0000f0d0
2,0x0000f0e0
2,0x0000f0f0
2,0x0000f200
2,0x0000f400
2,0x0000f600
2,0x00010000
2,0x00010010
2,0x00010030
2,0x00010040
2,0x00010050
2,0x00010060
2,0x00010080
2,0x00010090
2,0x000100a0
2,0x000100b0
2,0x000100c0
2,0x000100d0
2,0x000100e0
2,0x00011000
2,0x00012000
2,0x00013000
2,0x00014000
2,0x00015000
2,0x00016000
2,0x00017000
2,0x00018000
2,0x00019000
2,0x0001a000
2,0x0001b000
2,0x0001c000
2,0x0001d000
2,0x0001e000
2,0x0001f000
2,0x00020000
2,0x00020020
2,0x00020040
2,0x00020060
2,0x00020090
2,0x000200b0
2,0x000200d0
2,0x000200f0
2,0x00021000
2,0x00022000
2,0x00023000
2,0x00024000
2,0x00025000
2,0x00026000
2,0x00027000
2,0x00028000
2,0x00029000
2,0x0002a000
2,0x0002b000
2,0x0002c000
2,0x0002d000
2,0x0002e000
2,0x0002f000
2,0x00030000
2,0x00030010
2,0x00030030
2,0x00030040
2,0x00030060
2,0x00030080
2,0x00030090
2,0x000300a0
2,0x000300b0
2,0x000300c0
2,0x000300d0
2,0x000300e0
2,0x00031000
2,0x00032000
2,0x00033000
2,0x00034000
2,0x00035000
2,0x00036000
2,0x00037000
2,0x00038000
2,0x00039000
2,0x0003a000
2,0x0003b000
2,0x0003c000
2,0x0003d000
2,0x0003e000
2,0x0003f000
2,0x00040000
2,0x00040010
2,0x00040020
2,0x00040030
2,0x00040040
2,0x00040050
2,0x00040060
2,0x00040070
2,0x00040080
2,0x00040090
2,0x000400a0
2,0x000400c0
2,0x000400d0
2,0x000400e0
2,0x00041000
2,0x00042000
2,0x00043000
2,0x00044000
2,0x00045000
2,0x00046000
2,0x00047000
2,0x00048000
2,0x00049000
2,0x0004a000
2,0x0004b000
2,0x0004c000
2,0x0004d000
2,0x0004e000
2,0x0004f000
2,0x00050000
2,0x00050010
2,0x00050040
2,0x00050050
2,0x00050060
2,0x00050070
2,0x00050080
2,0x00050090
2,0x000500a0
2,0x000500c0
2,0x000500d0
2,0x000500e0
2,0x00051000
2,0x00052000
2,0x00053000
2,0x00054000
2,0x00055000
2,0x00056000
2,0x00057000
2,0x00058000
2,0x00059000
2,0x0005a000
2,0x0005b000
2,0x0005c000
2,0x0005d000
2,0x0005e000
2,0x0005f000
2,0x00060000
2,0x00060010
2,0x00060020
2,0x00060030
2,0x00060040
2,0x00060050
2,0x00060060
2,0x00060070
2,0x00060080
2,0x000600a0
2,0x000600b0
2,0x000600c0
2,0x000600e0
2,0x000600f0
2,0x00061000
2,0x00062000
2,0x00063000
2,0x00064000
2,0x00065000
2,0x00066000
2,0x00067000
2,0x00068000
2,0x00069000
2,0x0006a000
2,0x0006b000
2,0x0006c000
2,0x0006d000
2,0x0006e000
2,0x0006f000
2,0x00070000
2,0x00070040
2,0x00070050
2,0x00070060
2,0x00070070
2,0x00070080
2,0x00070090
2,0x000700a0
2,0x000700b0
2,0x000700c0
2,0x000700d0
2,0x000700e0
2,0x00071000
2,0x00072000
2,0x00073000
2,0x00074000
2,0x00075000
2,0x00076000
2,0x00077000
2,0x00078000
2,0x00079000
2,0x0007a000
2,0x0007b000
2,0x0007c000
2,0x0007d000
2,0x0007e000
2,0x0007f000
2,0x00080000
2,0x00080010
2,0x00080030
2,0x00080040
2,0x00080050
2,0x00080060
2,0x00080070
2,0x00080080
2,0x00080090
2,0x000800a0
2,0x000800b0
2,0x000800c0
2,0x000800e0
2,0x00081000
2,0x00082000
2,0x00083000
2,0x00084000
2,0x00085000
2,0x00086000
2,0x00087000
2,0x00088000
2,0x00089000
2,0x0008a000
2,0x0008b000
2,0x0008c000
2,0x0008d000
2,0x0008e000
2,0x0008f000
2,0x00090000
2,0x00090010
2,0x00090020
2,0x00090030
2,0x00090040
2,0x00090050
2,0x00090070
2,0x00090080
2,0x00090090
2,0x000900a0
2,0x000900b0
2,0x000900c0
2,0x000900d0
2,0x000900e0
2,0x000900f0
2,0x00091000
2,0x00092000
2,0x00093000
2,0x00094000
2,0x00095000
2,0x00096000
2,0x00097000
2,0x00098000
2,0x00099000
2,0x0009a000
2,0x0009b000
2,0x0009c000
2,0x0009d000
2,0x0009e000
2,0x0009f000
2,0x000a0000
2,0x000a0010
2,0x000a0030
2,0x000a0040
2,0x000a0050
2,0x000a0060
2,0x000a0070
2,0x000a0080
2,0x000a0090
2,0x000a00a0
2,0x000a00b0
2,0x000a00c0
2,0x000a00e0
2,0x000a1000
2,0x000a2000
2,0x000a3000
2,0x000a4000
2,0x000a5000
2,0x000a6000
2,0x000a7000
2,0x000a8000
2,0x000a9000
2,0x000aa000
2,0x000ab000
2,0x000ac000
2,0x000ad000
2,0x000ae000
2,0x000af000
2,0x000b0000
2,0x000b0010
2,0x000b0020
2,0x000b0030
2,0x000b0060
2,0x000b0070
2,0x000b0080
2,0x000b0090
2,0x000b00a0
2,0x000b00b0
2,0x000b00c0
2,0x000b00d0
2,0x000b00e0
2,0x000b00f0
2,0x000b1000
2,0x000b2000
2,0x000b3000
2,0x000b4000
2,0x000b5000
2,0x000b6000
2,0x000b7000
2,0x000b8000
2,0x000b9000
2,0x000ba000
2,0x000bb000
2,0x000bc000
2,0x000bd000
2,0x000be000
2,0x000bf000
2,0x000c0000
2,0x000c0010
2,0x000c0030
2,0x000c0040
2,0x000c0050
2,0x000c0060
2,0x000c0070
2,0x000c0080
2,0x000c0090
2,0x000c00a0
2,0x000c00b0
2,0x000c00c0
2,0x000c00d0
2,0x000c00e0
2,0x000c00f0
2,0x000c1000
2,0x000c2000
2,0x000c3000
2,0x000c4000
2,0x000c5000
2,0x000c6000
2,0x000c7000
2,0x000c8000
2,0x000c9000
2,0x000ca000
2,0x000cb000
2,0x000cc000
2,0x000cd000
2,0x000ce000
2,0x000cf000
2,0x000d0000
2,0x000d0010
2,0x000d0020
2,0x000d0030
2,0x000d0040
2,0x000d0050
2,0x000d0070
2,0x000d0090
2,0x000d00b0
2,0x000d00c0
2,0x000d00d0
2,0x000d00e0
2,0x000d00f0
2,0x000d1000
2,0x000d2000
2,0x000d3000
2,0x000d4000
2,0x000d5000
2,0x000d6000
2,0x000d7000
2,0x000d8000
2,0x000d9000
2,0x000da000
2,0x000db000
2,0x000dc000
2,0x000dd000
2,0x000de000
2,0x000df000
2,0x000e0000
2,0x000e0010
2,0x000e0030
2,0x000e0040
2,0x000e0050
2,0x000e0060
2,0x000e0070
2,0x000e0080
2,0x000e0090
2,0x000e00a0
2,0x000e00b0
2,0x000e00c0
2,0x000e00d0
2,0x000e00e0
2,0x000e00f0
2,0x000e1000
2,0x000e2000
2,0x000e3000
2,0x000e4000
2,0x000e5000
2,0x000e6000
2,0x000e7000
2,0x000e8000
2,0x000e9000
2,0x000ea000
2,0x000eb000
2,0x000ec000
2,0x000ed000
2,0x000ee000
2,0x000ef000
2,0x000f0000
2,0x000f0020
2,0x000f0060
2,0x000f0090
2,0x000f00b0
2,0x000f00c0
2,0x000f00d0
2,0x000f00e0
2,0x000f00f0
2,0x000f1000
2,0x000f2000
2,0x000f3000
2,0x000f4000
2,0x000f5000
2,0x000f6000
2,0x000f7000
2,0x000f8000
2,0x000f9000
2,0x000fa000
2,0x000fb000
2,0x000fc000
2,0x000fd000
2,0x000fe000
2,0x000ff000
2,0x00100000
2,0x00100001
2,0x00100003
2,0x00100004
2,0x00100005
2,0x00100006
2,0x00100008
2,0x00100009
2,0x0010000a
2,0x0010000b
2,0x0010000c
2,0x0010000d
2,0x0010000e
2,0x00100100
2,0x00100200
2,0x00100300
2,0x00100400
2,0x00100500
2,0x00100600
2,0x00100700
2,0x00100800
2,0x00100900
2,0x00100a00
2,0x00100b00
2,0x00100c00
2,0x00100d00
2,0x00100e00
2,0x00100f00
2,0x00101000
2,0x00102000
2,0x00103000
2,0x00104000
2,0x00105000
2,0x00106000
2,0x00107000
2,0x00108000
2,0x00109000
2,0x0010a000
2,0x0010b000
2,0x0010c000
2,0x0010d000
2,0x0010e000
2,0x0010f000
2,0x00200000
2,0x00200002
2,0x00200004
2,0x00200006
2,0x00200009
2,0x0020000b
2,0x0020000d
2,0x0020000f
2,0x00200100
2,0x00200200
2,0x00200300
2,0x00200400
2,0x00200500
2,0x00200600
2,0x00200700
2,0x00200800
2,0x00200900
2,0x00200a00
2,0x00200b00
2,0x00200c00
2,0x00200d00
2,0x00200e00
2,0x00200f00
2,0x00201000
2,0x00202000
2,0x00203000
2,0x00204000
2,0x00205000
2,0x00206000
2,0x00207000
2,0x00208000
2,0x00209000
2,0x0020a000
2,0x0020b000
2,0x0020c000
2,0x0020d000
2,0x0020e000
2,0x0020f000
2,0x00300000
2,0x00300001
2,0x00300003
2,0x00300004
2,0x00300006
2,0x00300008
2,0x00300009
2,0x0030000a
2,0x0030000b
2,0x0030000c
2,0x0030000d
2,0x0030000e
2,0x00300100
2,0x00300200
2,0x00300300
2,0x00300400
2,0x00300500
2,0x00300600
2,0x00300700
2,0x00300800
2,0x00300900
2,0x00300a00
2,0x00300b00
2,0x00300c00
2,0x00300d00
2,0x00300e00
2,0x00300f00
2,0x00301000
2,0x00302000
2,0x00303000
2,0x00304000
2,0x00305000
2,0x00306000
2,0x00307000
2,0x00308000
2,0x00309000
2,0x0030a000
2,0x0030b000
2,0x0030c000
2,0x0030d000
2,0x0030e000
2,0x0030f000
2,0x00400000
2,0x00400001
2,0x00400002
2,0x00400003
2,0x00400004
2,0x00400005
2,0x00400006
2,0x00400007
2,0x00400008
2,0x00400009
2,0x0040000a
2,0x0040000c
2,0x0040000d
2,0x0040000e
2,0x00400100
2,0x00400200
2,0x00400300
2,0x00400400
2,0x00400500
2,0x00400600
2,0x00400700
2,0x00400800
2,0x00400900
2,0x00400a00
2,0x00400b00
2,0x00400c00
2,0x00400d00
2,0x00400e00
2,0x00400f00
2,0x00401000
2,0x00402000
2,0x00403000
2,0x00404000
2,0x00405000
2,0x00406000
2,0x00407000
2,0x00408000
2,0x00409000
2,0x0040a000
2,0x0040b000
2,0x0040c000
2,0x0040d000
2,0x0040e000
2,0x0040f000
2,0x00500000
2,0x00500001
2,0x00500004
2,0x00500005
2,0x00500006
2,0x00500007
2,0x00500008
2,0x00500009
2,0x0050000a
2,0x0050000c
2,0x0050000d
2,0x0050000e
2,0x00500100
2,0x00500200
2,0x00500300
2,0x00500400
2,0x00500500
2,0x00500600
2,0x00500700
2,0x00500800
2,0x00500900
2,0x00500a00
2,0x00500b00
2,0x00500c00
2,0x00500d00
2,0x00500e00
2,0x00500f00
2,0x00501000
2,0x00502000
2,0x00503000
2,0x00504000
2,0x00505000
2,0x00506000
2,0x00507000
2,0x00508000
2,0x00509000
2,0x0050a000
2,0x0050b000
2,0x0050c000
2,0x0050d000
2,0x0050e000
2,0x0050f000
2,0x00600000
2,0x00600001
2,0x00600002
2,0x00600003
2,0x00600004
2,0x00600005
2,0x00600006
2,0x00600007
2,0x00600008
2,0x0060000a
2,0x0060000b
2,0x0060000c
2,0x0060000e
2,0x0060000f
2,0x00600100
2,0x00600200
2,0x00600300
2,0x00600400
2,0x00600500
2,0x00600600
2,0x00600700
2,0x00600800
2,0x00600900
2,0x00600a00
2,0x00600b00
2,0x00600c00
2,0x00600d00
2,0x00600e00
2,0x00600f00
2,0x00601000
2,0x00602000
2,0x00603000
2,0x00604000
2,0x00605000
2,0x00606000
2,0x00607000
2,0x00608000
2,0x00609000
2,0x0060a000
2,0x0060b000
2,0x0060c000
2,0x0060d000
2,0x0060e000
2,0x0060f000
2,0x00700000
2,0x00700004
2,0x00700005
2,0x00700006
2,0x00700007
2,0x00700008
2,0x00700009
2,0x0070000a
2,0x0070000b
2,0x0070000c
2,0x0070000d
2,0x0070000e
2,0x00700100
2,0x00700200
2,0x00700300
2,0x00700400
2,0x00700500
2,0x00700600
2,0x00700700
2,0x00700800
2,0x00700900
2,0x00700a00
2,0x00700b00
2,0x00700c00
2,0x00700d00
2,0x00700e00
2,0x00700f00
2,0x00701000
2,0x00702000
2,0x00703000
2,0x00704000
2,0x00705000
2,0x00706000
2,0x00707000
2,0x00708000
2,0x00709000
2,0x0070a000
2,0x0070b000
2,0x0070c000
2,0x0070d000
2,0x0070e000
2,0x0070f000
2,0x00800000
2,0x00800001
2,0x00800003
2,0x00800004
2,0x00800005
2,0x00800006
2,0x00800007
2,0x00800008
2,0x00800009
2,0x0080000a
2,0x0080000b
2,0x0080000c
2,0x0080000e
2,0x00800100
2,0x00800200
2,0x00800300
2,0x00800400
2,0x00800500
2,0x00800600
2,0x00800700
2,0x00800800
2,0x00800900
2,0x00800a00
2,0x00800b00
2,0x00800c00
2,0x00800d00
2,0x00800e00
2,0x00800f00
2,0x00801000
2,0x00801a00
2,0x00801c00
2,0x00802000
2,0x00802003
2,0x00802005
2,0x00802006
2,0x00802009
2,0x0080200a
2,0x0080200c
2,0x00802300
2,0x00802500
2,0x00802600
2,0x00802900
2,0x00802a00
2,0x00802c00
2,0x00803000
2,0x00804000
2,0x00804600
2,0x00804900
2,0x00804a00
2,0x00804c00
2,0x00805000
2,0x00805004
2,0x00805008
2,0x00805100
2,0x00805200
2,0x00805400
2,0x00805800
2,0x00806000
2,0x00806004
2,0x00806008
2,0x00806100
2,0x00806200
2,0x00806400
2,0x00806800
2,0x00807000
2,0x00808000
2,0x00808a00
2,0x00808c00
2,0x00809000
2,0x00809800
2,0x0080a000
2,0x0080a800
2,0x0080b000
2,0x0080c000
2,0x0080c800
2,0x0080d000
2,0x0080e000
2,0x0080f000
2,0x00900000
2,0x00900001
2,0x00900002
2,0x00900003
2,0x00900004
2,0x00900005
2,0x00900007
2,0x00900008
2,0x00900009
2,0x0090000a
2,0x0090000b
2,0x0090000c
2,0x0090000d
2,0x0090000e
2,0x0090000f
2,0x00900100
2,0x00900200
2,0x00900300
2,0x00900400
2,0x00900500
2,0x00900600
2,0x00900700
2,0x00900800
2,0x00900900
2,0x00900a00
2,0x00900b00
2,0x00900c00
2,0x00900d00
2,0x00900e00
2,0x00900f00
2,0x00901000
2,0x00902000
2,0x00903000
2,0x00904000
2,0x00905000
2,0x00906000
2,0x00907000
2,0x00908000
2,0x00909000
2,0x0090a000
2,0x0090b000
2,0x0090c000
2,0x0090d000
2,0x0090e000
2,0x0090f000
2,0x00a00000
2,0x00a00001
2,0x00a00003
2,0x00a00004
2,0x00a00005
2,0x00a00006
2,0x00a00007
2,0x00a00008
2,0x00a00009
2,0x00a0000a
2,0x00a0000b
2,0x00a0000c
2,0x00a0000e
2,0x00a00100
2,0x00a00200
2,0x00a00300
2,0x00a00400
2,0x00a00500
2,0x00a00600
2,0x00a00700
2,0x00a00800
2,0x00a00900
2,0x00a00a00
2,0x00a00b00
2,0x00a00c00
2,0x00a00d00
2,0x00a00e00
2,0x00a00f00
2,0x00a01000
2,0x00a02000
2,0x00a03000
2,0x00a04000
2,0x00a05000
2,0x00a06000
2,0x00a07000
2,0x00a08000
2,0x00a09000
2,0x00a0a000
2,0x00a0b000
2,0x00a0c000
2,0x00a0d000
2,0x00a0e000
2,0x00a0f000
2,0x00b00000
2,0x00b00001
2,0x00b00002
2,0x00b00003
2,0x00b00006
2,0x00b00007
2,0x00b00008
2,0x00b00009
2,0x00b0000a
2,0x00b0000b
2,0x00b0000c
2,0x00b0000d
2,0x00b0000e
2,0x00b0000f
2,0x00b00100
2,0x00b00200
2,0x00b00300
2,0x00b00400
2,0x00b00500
2,0x00b00600
2,0x00b00700
2,0x00b00800
2,0x00b00900
2,0x00b00a00
2,0x00b00b00
2,0x00b00c00
2,0x00b00e00
2,0x00b01000
2,0x00b02000
2,0x00b03000
2,0x00b04000
2,0x00b05000
2,0x00b06000
2,0x00b07000
2,0x00b08000
2,0x00b09000
2,0x00b0a000
2,0x00b0b000
2,0x00b0c000
2,0x00b0d000
2,0x00b0e000
2,0x00b0f000
2,0x00c00000
2,0x00c00001
2,0x00c00003
2,0x00c00004
2,0x00c00005
2,0x00c00006
2,0x00c00007
2,0x00c00008
2,0x00c00009
2,0x00c0000a
2,0x00c0000b
2,0x00c0000c
2,0x00c0000d
2,0x00c0000e
2,0x00c0000f
2,0x00c00100
2,0x00c00200
2,0x00c00300
2,0x00c00400
2,0x00c00500
2,0x00c00600
2,0x00c00700
2,0x00c00800
2,0x00c00900
2,0x00c00a00
2,0x00c00b00
2,0x00c00c00
2,0x00c00d00
2,0x00c00e00
2,0x00c00f00
2,0x00c01000
2,0x00c02000
2,0x00c03000
2,0x00c04000
2,0x00c05000
2,0x00c06000
2,0x00c07000
2,0x00c08000
2,0x00c09000
2,0x00c0a000
2,0x00c0b000
2,0x00c0c000
2,0x00c0d000
2,0x00c0e000
2,0x00c0f000
2,0x00d00000
2,0x00d00001
2,0x00d00002
2,0x00d00003
2,0x00d00004
2,0x00d00005
2,0x00d00007
2,0x00d00009
2,0x00d0000b
2,0x00d0000c
2,0x00d0000d
2,0x00d0000e
2,0x00d0000f
2,0x00d00100
2,0x00d00200
2,0x00d00300
2,0x00d00400
2,0x00d00500
2,0x00d00600
2,0x00d00700
2,0x00d00800
2,0x00d00900
2,0x00d00a00
2,0x00d00b00
2,0x00d00c00
2,0x00d00d00
2,0x00d00e00
2,0x00d00f00
2,0x00d01000
2,0x00d02000
2,0x00d03000
2,0x00d04000
2,0x00d05000
2,0x00d06000
2,0x00d07000
2,0x00d08000
2,0x00d09000
2,0x00d0a000
2,0x00d0b000
2,0x00d0c000
2,0x00d0d000
2,0x00d0e000
2,0x00d0f000
2,0x00e00000
2,0x00e00001
2,0x00e00003
2,0x00e00004
2,0x00e00005
2,0x00e00006
2,0x00e00007
2,0x00e00008
2,0x00e00009
2,0x00e0000a
2,0x00e0000b
2,0x00e0000c
2,0x00e0000d
2,0x00e0000e
2,0x00e0000f
2,0x00e00100
2,0x00e00200
2,0x00e00300
2,0x00e00400
2,0x00e00500
2,0x00e00600
2,0x00e00700
2,0x00e00800
2,0x00e00900
2,0x00e00a00
2,0x00e00b00
2,0x00e00c00
2,0x00e00d00
2,0x00e00e00
2,0x00e00f00
2,0x00e01000
2,0x00e02000
2,0x00e03000
2,0x00e04000
2,0x00e05000
2,0x00e06000
2,0x00e07000
2,0x00e08000
2,0x00e09000
2,0x00e0a000
2,0x00e0b000
2,0x00e0c000
2,0x00e0d000
2,0x00e0e000
2,0x00e0f000
2,0x00f00000
2,0x00f00002
2,0x00f00006
2,0x00f00009
2,0x00f0000b
2,0x00f0000c
2,0x00f0000d
2,0x00f0000e
2,0x00f0000f
2,0x00f00100
2,0x00f00200
2,0x00f00300
2,0x00f00400
2,0x00f00500
2,0x00f00600
2,0x00f00700
2,0x00f00800
2,0x00f00900
2,0x00f00a00
2,0x00f00b00
2,0x00f00c00
2,0x00f00d00
2,0x00f00e00
2,0x00f00f00
2,0x00f01000
2,0x00f02000
2,0x00f03000
2,0x00f04000
2,0x00f05000
2,0x00f06000
2,0x00f07000
2,0x00f08000
2,0x00f09000
2,0x00f0a000
2,0x00f0b000
2,0x00f0c000
2,0x00f0d000
2,0x00f0e000
2,0x00f0f000
2,0x01000000
2,0x01000010
2,0x01000020
2,0x01000030
2,0x01000040
2,0x01000050
2,0x01000060
2,0x01000070
2,0x01000080
2,0x01000090
2,0x010000a0
2,0x010000b0
2,0x010000c0
2,0x010000d0
2,0x010000e0
2,0x010000f0
2,0x01001000
2,0x01002000
2,0x01003000
2,0x01004000
2,0x01005000
2,0x01006000
2,0x01007000
2,0x01008000
2,0x01009000
2,0x0100a000
2,0x0100b000
2,0x0100c000
2,0x0100d000
2,0x0100e000
2,0x0100f000
2,0x02000000
2,0x02000010
2,0x02000020
2,0x02000030
2,0x02000040
2,0x02000050
2,0x02000060
2,0x02000070
2,0x02000080
2,0x02000090
2,0x020000a0
2,0x020000b0
2,0x020000c0
2,0x020000d0
2,0x020000e0
2,0x020000f0
2,0x02001000
2,0x02002000
2,0x02003000
2,0x02004000
2,0x02005000
2,0x02006000
2,0x02007000
2,0x02008000
2,0x02009000
2,0x0200a000
2,0x0200b000
2,0x0200c000
2,0x0200d000
2,0x0200e000
2,0x0200f000
2,0x03000000
2,0x03000010
2,0x03000020
2,0x03000030
2,0x03000040
2,0x03000050
2,0x03000060
2,0x03000070
2,0x03000080
2,0x03000090
2,0x030000a0
2,0x030000b0
2,0x030000c0
2,0x030000d0
2,0x030000e0
2,0x030000f0
2,0x03001000
2,0x03002000
2,0x03003000
2,0x03004000
2,0x03005000
2,0x03006000
2,0x03007000
2,0x03008000
2,0x03009000
2,0x0300a000
2,0x0300b000
2,0x0300c000
2,0x0300d000
2,0x0300e000
2,0x0300f000
2,0x04000000
2,0x04000010
2,0x04000020
2,0x04000030
2,0x04000040
2,0x04000050
2,0x04000060
2,0x04000070
2,0x04000080
2,0x04000090
2,0x040000a0
2,0x040000b0
2,0x040000c0
2,0x040000d0
2,0x040000e0
2,0x040000f0
2,0x04001000
2,0x04002000
2,0x04003000
2,0x04004000
2,0x04005000
2,0x04006000
2,0x04007000
2,0x04008000
2,0x04009000
2,0x0400a000
2,0x0400b000
2,0x0400c000
2,0x0400d000
2,0x0400e000
2,0x0400f000
2,0x05000000
2,0x05000010
2,0x05000020
2,0x05000030
2,0x05000040
2,0x05000050
2,0x05000060
2,0x05000070
2,0x05000080
2,0x05000090
2,0x050000a0
2,0x050000b0
2,0x050000c0
2,0x050000d0
2,0x050000e0
2,0x050000f0
2,0x05001000
2,0x05002000
2,0x05003000
2,0x05004000
2,0x05005000
2,0x05006000
2,0x05007000
2,0x05008000
2,0x05009000
2,0x0500a000
2,0x0500b000
2,0x0500c000
2,0x0500d000
2,0x0500e000
2,0x0500f000
2,0x06000000
2,0x06000010
2,0x06000020
2,0x06000030
2,0x06000040
2,0x06000050
2,0x06000060
2,0x06000070
2,0x06000080
2,0x06000090
2,0x060000a0
2,0x060000b0
2,0x060000c0
2,0x060000d0
2,0x060000e0
2,0x060000f0
2,0x06001000
2,0x06002000
2,0x06003000
2,0x06004000
2,0x06005000
2,0x06006000
2,0x06007000
2,0x06008000
2,0x06009000
2,0x0600a000
2,0x0600b000
2,0x0600c000
2,0x0600d000
2,0x0600e000
2,0x0600f000
2,0x07000000
2,0x07000010
2,0x07000020
2,0x07000030
2,0x07000040
2,0x07000050
2,0x07000060
2,0x07000070
2,0x07000080
2,0x07000090
2,0x070000a0
2,0x070000b0
2,0x070000c0
2,0x070000d0
2,0x070000e0
2,0x070000f0
2,0x07001000
2,0x07002000
2,0x07003000
2,0x07004000
2,0x07005000
2,0x07006000
2,0x07007000
2,0x07008000
2,0x07009000
2,0x0700a000
2,0x0700b000
2,0x0700c000
2,0x0700d000
2,0x0700e000
2,0x0700f000
2,0x08000000
2,0x08000010
2,0x08000020
2,0x08000030
2,0x08000040
2,0x08000050
2,0x08000060
2,0x08000070
2,0x08000080
2,0x08000090
2,0x080000a0
2,0x080000b0
2,0x080000c0
2,0x080000d0
2,0x080000e0
2,0x080000f0
2,0x08001000
2,0x08002000
2,0x08003000
2,0x08004000
2,0x08005000
2,0x08006000
2,0x08007000
2,0x08008000
2,0x08009000
2,0x0800a000
2,0x0800b000
2,0x0800c000
2,0x0800d000
2,0x0800e000
2,0x0800f000
2,0x09000000
2,0x09000010
2,0x09000020
2,0x09000030
2,0x09000040
2,0x09000050
2,0x09000060
2,0x09000070
2,0x09000080
2,0x09000090
2,0x090000a0
2,0x090000b0
2,0x090000c0
2,0x090000d0
2,0x090000e0
2,0x090000f0
2,0x09001000
2,0x09002000
2,0x09003000
2,0x09004000
2,0x09005000
2,0x09006000
2,0x09007000
2,0x09008000
2,0x09009000
2,0x0900a000
2,0x0900b000
2,0x0900c000
2,0x0900d000
2,0x0900e000
2,0x0900f000
2,0x0a000000
2,0x0a000010
2,0x0a000020
2,0x0a000030
2,0x0a000040
2,0x0a000050
2,0x0a000060
2,0x0a000070
2,0x0a000080
2,0x0a000090
2,0x0a0000a0
2,0x0a0000b0
2,0x0a0000c0
2,0x0a0000d0
2,0x0a0000e0
2,0x0a0000f0
2,0x0a001000
2,0x0a002000
2,0x0a003000
2,0x0a004000
2,0x0a005000
2,0x0a006000
2,0x0a007000
2,0x0a008000
2,0x0a009000
2,0x0a00a000
2,0x0a00b000
2,0x0a00c000
2,0x0a00d000
2,0x0a00e000
2,0x0a00f000
2,0x0b000000
2,0x0b000010
2,0x0b000020
2,0x0b000030
2,0x0b000040
2,0x0b000050
2,0x0b000060
2,0x0b000070
2,0x0b000080
2,0x0b000090
2,0x0b0000a0
2,0x0b0000b0
2,0x0b0000c0
2,0x0b0000d0
2,0x0b0000e0
2,0x0b0000f0
2,0x0b001000
2,0x0b002000
2,0x0b003000
2,0x0b004000
2,0x0b005000
2,0x0b006000
2,0x0b007000
2,0x0b008000
2,0x0b009000
2,0x0b00a000
2,0x0b00b000
2,0x0b00c000
2,0x0b00d000
2,0x0b00e000
2,0x0b00f000
2,0x0c000000
2,0x0c000010
2,0x0c000020
2,0x0c000030
2,0x0c000040
2,0x0c000050
2,0x0c000060
2,0x0c000070
2,0x0c000080
2,0x0c000090
2,0x0c0000a0
2,0x0c0000b0
2,0x0c0000c0
2,0x0c0000d0
2,0x0c0000e0
2,0x0c0000f0
2,0x0c001000
2,0x0c002000
2,0x0c003000
2,0x0c004000
2,0x0c005000
2,0x0c006000
2,0x0c007000
2,0x0c008000
2,0x0c009000
2,0x0c00a000
2,0x0c00b000
2,0x0c00c000
2,0x0c00d000
2,0x0c00e000
2,0x0c00f000
2,0x0d000000
2,0x0d000010
2,0x0d000020
2,0x0d000030
2,0x0d000040
2,0x0d000050
2,0x0d000060
2,0x0d000070
2,0x0d000080
2,0x0d000090
2,0x0d0000a0
2,0x0d0000c0
2,0x0d0000d0
2,0x0d0000e0
2,0x0d0000f0
2,0x0d001000
2,0x0d002000
2,0x0d003000
2,0x0d004000
2,0x0d005000
2,0x0d006000
2,0x0d007000
2,0x0d008000
2,0x0d009000
2,0x0d00a000
2,0x0d00b000
2,0x0d00c000
2,0x0d00d000
2,0x0d00e000
2,0x0d00f000
2,0x0e000000
2,0x0e000010
2,0x0e000020
2,0x0e000030
2,0x0e000040
2,0x0e000050
2,0x0e000060
2,0x0e000070
2,0x0e000080
2,0x0e000090
2,0x0e0000a0
2,0x0e0000b0
2,0x0e0000c0
2,0x0e0000d0
2,0x0e0000e0
2,0x0e0000f0
2,0x0e001000
2,0x0e002000
2,0x0e003000
2,0x0e004000
2,0x0e005000
2,0x0e006000
2,0x0e007000
2,0x0e008000
2,0x0e009000
2,0x0e00a000
2,0x0e00b000
2,0x0e00c000
2,0x0e00d000
2,0x0e00e000
2,0x0e00f000
2,0x0f000000
2,0x0f000010
2,0x0f000020
2,0x0f000030
2,0x0f000040
2,0x0f000050
2,0x0f000060
2,0x0f000070
2,0x0f000080
2,0x0f000090
2,0x0f0000a0
2,0x0f0000c0
2,0x0f0000d0
2,0x0f0000e0
2,0x0f0000f0
2,0x0f001000
2,0x0f002000
2,0x0f003000
2,0x0f004000
2,0x0f005000
2,0x0f006000
2,0x0f007000
2,0x0f008000
2,0x0f009000
2,0x0f00a000
2,0x0f00b000
2,0x0f00c000
2,0x0f00d000
2,0x0f00e000
2,0x0f00f000
2,0x10000000
2,0x10000001
2,0x10000002
2,0x10000003
2,0x10000004
2,0x10000005
2,0x10000006
2,0x10000007
2,0x10000008
2,0x10000009
2,0x1000000a
2,0x1000000b
2,0x1000000c
2,0x1000000d
2,0x1000000e
2,0x1000000f
2,0x10000010
2,0x10000020
2,0x10000030
2,0x10000040
2,0x10000050
2,0x10000060
2,0x10000070
2,0x10000080
2,0x10000090
2,0x100000a0
2,0x100000b0
2,0x100000c0
2,0x100000d0
2,0x100000e0
2,0x100000f0
2,0x10000100
2,0x10000200
2,0x10000300
2,0x10000400
2,0x10000500
2,0x10000600
2,0x10000700
2,0x10000800
2,0x10000900
2,0x10000a00
2,0x10000b00
2,0x10000c00
2,0x10000d00
2,0x10000e00
2,0x10000f00
2,0x10001000
2,0x10002000
2,0x10003000
2,0x10004000
2,0x10005000
2,0x10006000
2,0x10007000
2,0x10008000
2,0x10009000
2,0x1000a000
2,0x1000b000
2,0x1000c000
2,0x1000d000
2,0x1000e000
2,0x1000f000
2,0x10010000
2,0x10020000
2,0x10030000
2,0x10040000
2,0x10050000
2,0x10060000
2,0x10070000
2,0x10080000
2,0x10090000
2,0x100a0000
2,0x100b0000
2,0x100c0000
2,0x100d0000
2,0x100e0000
2,0x100f0000
2,0x10100000
2,0x10200000
2,0x10300000
2,0x10400000
2,0x10500000
2,0x10600000
2,0x10700000
2,0x10800000
2,0x10900000
2,0x10a00000
2,0x10b00000
2,0x10c00000
2,0x10d00000
2,0x10e00000
2,0x10f00000
2,0x12000000
2,0x14000000
2,0x16000000
2,0x20000000
2,0x20000001
2,0x20000002
2,0x20000003
2,0x20000004
2,0x20000005
2,0x20000006
2,0x20000007
2,0x20000008
2,0x20000009
2,0x2000000a
2,0x2000000b
2,0x2000000c
2,0x2000000d
2,0x2000000e
2,0x2000000f
2,0x20000010
2,0x20000020
2,0x20000030
2,0x20000040
2,0x20000050
2,0x20000060
2,0x20000070
2,0x20000080
2,0x20000090
2,0x200000a0
2,0x200000b0
2,0x200000c0
2,0x200000d0
2,0x200000e0
2,0x200000f0
2,0x20000100
2,0x20000200
2,0x20000300
2,0x20000400
2,0x20000500
2,0x20000600
2,0x20000700
2,0x20000800
2,0x20000900
2,0x20000a00
2,0x20000b00
2,0x20000c00
2,0x20000d00
2,0x20000e00
2,0x20000f00
2,0x20001000
2,0x20001007
2,0x2000100b
2,0x2000100d
2,0x2000100e
2,0x20001070
2,0x200010b0
2,0x200010d0
2,0x200010e0
2,0x20002000
2,0x20002007
2,0x2000200b
2,0x2000200d
2,0x2000200e
2,0x20002070
2,0x200020b0
2,0x200020d0
2,0x200020e0
2,0x20002700
2,0x20002b00
2,0x20002d00
2,0x20002e00
2,0x20003000
2,0x20003003
2,0x20003005
2,0x20003006
2,0x20003009
2,0x2000300a
2,0x2000300c
2,0x20003030
2,0x20003050
2,0x20003060
2,0x20003090
2,0x200030a0
2,0x200030c0
2,0x20003600
2,0x20004000
2,0x20004007
2,0x2000400b
2,0x2000400d
2,0x2000400e
2,0x20004070
2,0x200040b0
2,0x200040d0
2,0x200040e0
2,0x20004700
2,0x20004b00
2,0x20004d00
2,0x20004e00
2,0x20005000
2,0x20005003
2,0x20005005
2,0x20005006
2,0x20005009
2,0x2000500a
2,0x2000500c
2,0x20005030
2,0x20005050
2,0x20005060
2,0x20005090
2,0x200050a0
2,0x200050c0
2,0x20005300
2,0x20005500
2,0x20005600
2,0x20005900
2,0x20005a00
2,0x20005c00
2,0x20006000
2,0x20006003
2,0x20006005
2,0x20006006
2,0x20006009
2,0x2000600a
2,0x2000600c
2,0x20006030
2,0x20006050
2,0x20006060
2,0x20006090
2,0x200060a0
2,0x200060c0
2,0x20006300
2,0x20006500
2,0x20006600
2,0x20006900
2,0x20006a00
2,0x20006c00
2,0x20007000
2,0x20007001
2,0x20007002
2,0x20007004
2,0x20007008
2,0x20007010
2,0x20007020
2,0x20007040
2,0x20007080
2,0x20007100
2,0x20007200
2,0x20007400
2,0x20007800
2,0x20008000
2,0x20008007
2,0x2000800b
2,0x2000800d
2,0x2000800e
2,0x20008070
2,0x200080b0
2,0x200080d0
2,0x200080e0
2,0x20009000
2,0x20009003
2,0x20009005
2,0x20009006
2,0x20009009
2,0x2000900a
2,0x2000900c
2,0x20009030
2,0x20009050
2,0x20009060
2,0x20009090
2,0x200090a0
2,0x200090c0
2,0x20009600
2,0x2000a000
2,0x2000a003
2,0x2000a005
2,0x2000a006
2,0x2000a009
2,0x2000a00a
2,0x2000a00c
2,0x2000a030
2,0x2000a050
2,0x2000a060
2,0x2000a090
2,0x2000a0a0
2,0x2000a0c0
2,0x2000a600
2,0x2000b000
2,0x2000b001
2,0x2000b002
2,0x2000b004
2,0x2000b008
2,0x2000b010
2,0x2000b020
2,0x2000b040
2,0x2000b080
2,0x2000b200
2,0x2000b400
2,0x2000c000
2,0x2000c003
2,0x2000c005
2,0x2000c006
2,0x2000c009
2,0x2000c00a
2,0x2000c00c
2,0x2000c030
2,0x2000c050
2,0x2000c060
2,0x2000c090
2,0x2000c0a0
2,0x2000c0c0
2,0x2000c600
2,0x2000d000
2,0x2000d001
2,0x2000d002
2,0x2000d004
2,0x2000d008
2,0x2000d010
2,0x2000d020
2,0x2000d040
2,0x2000d080
2,0x2000d200
2,0x2000d400
2,0x2000e000
2,0x2000e001
2,0x2000e002
2,0x2000e004
2,0x2000e008
2,0x2000e010
2,0x2000e020
2,0x2000e040
2,0x2000e080
2,0x2000e200
2,0x2000e400
2,0x2000f000
2,0x20010000
2,0x200100b0
2,0x200100d0
2,0x200100e0
2,0x20017000
2,0x2001b000
2,0x2001d000
2,0x2001e000
2,0x20020000
2,0x200200b0
2,0x200200d0
2,0x20027000
2,0x2002b000
2,0x2002d000
2,0x2002e000
2,0x20030000
2,0x20030030
2,0x20030060
2,0x20030090
2,0x200300a0
2,0x200300c0
2,0x20033000
2,0x20035000
2,0x20036000
2,0x20039000
2,0x2003a000
2,0x2003c000
2,0x20040000
2,0x20040070
2,0x200400d0
2,0x200400e0
2,0x20047000
2,0x2004b000
2,0x2004d000
2,0x2004e000
2,0x20050000
2,0x20050050
2,0x20050060
2,0x20050090
2,0x200500a0
2,0x200500c0
2,0x20053000
2,0x20055000
2,0x20056000
2,0x20059000
2,0x2005a000
2,0x2005c000
2,0x20060000
2,0x20060030
2,0x20060050
2,0x20060060
2,0x200600a0
2,0x200600c0
2,0x20063000
2,0x20065000
2,0x20066000
2,0x20069000
2,0x2006a000
2,0x2006c000
2,0x20070000
2,0x20070040
2,0x20070080
2,0x20071000
2,0x20072000
2,0x20074000
2,0x20078000
2,0x20080000
2,0x20080070
2,0x200800b0
2,0x200800e0
2,0x20087000
2,0x2008b000
2,0x2008d000
2,0x2008e000
2,0x20090000
2,0x20090030
2,0x20090050
2,0x20090090
2,0x200900a0
2,0x200900c0
2,0x20093000
2,0x20095000
2,0x20096000
2,0x20099000
2,0x2009a000
2,0x2009c000
2,0x200a0000
2,0x200a0030
2,0x200a0050
2,0x200a0060
2,0x200a0090
2,0x200a00a0
2,0x200a00c0
2,0x200a3000
2,0x200a5000
2,0x200a6000
2,0x200a9000
2,0x200aa000
2,0x200ac000
2,0x200b0000
2,0x200b0010
2,0x200b0020
2,0x200b0080
2,0x200b1000
2,0x200b2000
2,0x200b4000
2,0x200b8000
2,0x200c0000
2,0x200c0030
2,0x200c0050
2,0x200c0060
2,0x200c0090
2,0x200c00a0
2,0x200c00c0
2,0x200c3000
2,0x200c5000
2,0x200c6000
2,0x200c9000
2,0x200ca000
2,0x200cc000
2,0x200d0000
2,0x200d0010
2,0x200d0020
2,0x200d0040
2,0x200d1000
2,0x200d2000
2,0x200d4000
2,0x200d8000
2,0x200e0000
2,0x200e0010
2,0x200e0040
2,0x200e0080
2,0x200e1000
2,0x200e2000
2,0x200e4000
2,0x200e8000
2,0x200f0000
2,0x20100000
2,0x2010000b
2,0x2010000d
2,0x2010000e
2,0x20100700
2,0x20100b00
2,0x20100d00
2,0x20100e00
2,0x20107000
2,0x2010b000
2,0x2010d000
2,0x2010e000
2,0x20200000
2,0x2020000b
2,0x2020000d
2,0x20200700
2,0x20200b00
2,0x20200d00
2,0x20200e00
2,0x20207000
2,0x2020b000
2,0x2020d000
2,0x2020e000
2,0x20300000
2,0x20300003
2,0x20300006
2,0x20300009
2,0x2030000a
2,0x2030000c
2,0x20300300
2,0x20300500
2,0x20300600
2,0x20300900
2,0x20300a00
2,0x20300c00
2,0x20303000
2,0x20305000
2,0x20306000
2,0x20309000
2,0x2030a000
2,0x2030c000
2,0x20400000
2,0x20400007
2,0x2040000d
2,0x2040000e
2,0x20400700
2,0x20400b00
2,0x20400d00
2,0x20400e00
2,0x20407000
2,0x2040b000
2,0x2040d000
2,0x2040e000
2,0x20500000
2,0x20500005
2,0x20500006
2,0x20500009
2,0x2050000a
2,0x2050000c
2,0x20500300
2,0x20500500
2,0x20500600
2,0x20500900
2,0x20500a00
2,0x20500c00
2,0x20503000
2,0x20505000
2,0x20506000
2,0x20509000
2,0x2050a000
2,0x2050c000
2,0x20600000
2,0x20600003
2,0x20600005
2,0x20600006
2,0x2060000a
2,0x2060000c
2,0x20600300
2,0x20600500
2,0x20600600
2,0x20600900
2,0x20600a00
2,0x20600c00
2,0x20603000
2,0x20605000
2,0x20606000
2,0x20609000
2,0x2060a000
2,0x2060c000
2,0x20700000
2,0x20700004
2,0x20700008
2,0x20700100
2,0x20700200
2,0x20700400
2,0x20700800
2,0x20701000
2,0x20702000
2,0x20704000
2,0x20708000
2,0x20800000
2,0x20800007
2,0x2080000b
2,0x2080000e
2,0x20800700
2,0x20800b00
2,0x20800d00
2,0x20800e00
2,0x20807000
2,0x2080b000
2,0x2080d000
2,0x2080e000
2,0x20900000
2,0x20900003
2,0x20900005
2,0x20900009
2,0x2090000a
2,0x2090000c
2,0x20900300
2,0x20900500
2,0x20900600
2,0x20900900
2,0x20900a00
2,0x20900c00
2,0x20903000
2,0x20905000
2,0x20906000
2,0x20909000
2,0x2090a000
2,0x2090c000
2,0x20a00000
2,0x20a00003
2,0x20a00005
2,0x20a00006
2,0x20a00009
2,0x20a0000a
2,0x20a0000c
2,0x20a00300
2,0x20a00500
2,0x20a00600
2,0x20a00900
2,0x20a00a00
2,0x20a00c00
2,0x20a03000
2,0x20a05000
2,0x20a06000
2,0x20a09000
2,0x20a0a000
2,0x20a0c000
2,0x20b00000
2,0x20b00001
2,0x20b00002
2,0x20b00008
2,0x20b00100
2,0x20b00200
2,0x20b00400
2,0x20b00800
2,0x20b01000
2,0x20b02000
2,0x20b04000
2,0x20b08000
2,0x20c00000
2,0x20c00003
2,0x20c00005
2,0x20c00006
2,0x20c00009
2,0x20c0000a
2,0x20c0000c
2,0x20c00300
2,0x20c00500
2,0x20c00600
2,0x20c00900
2,0x20c00a00
2,0x20c00c00
2,0x20c03000
2,0x20c05000
2,0x20c06000
2,0x20c09000
2,0x20c0a000
2,0x20c0c000
2,0x20d00000
2,0x20d00001
2,0x20d00002
2,0x20d00004
2,0x20d00100
2,0x20d00200
2,0x20d00400
2,0x20d00800
2,0x20d01000
2,0x20d02000
2,0x20d04000
2,0x20d08000
2,0x20e00000
2,0x20e00001
2,0x20e00004
2,0x20e00008
2,0x20e00100
2,0x20e00200
2,0x20e00400
2,0x20e00800
2,0x20e01000
2,0x20e02000
2,0x20e04000
2,0x20e08000
2,0x20f00000
2,0x21000000
2,0x21000070
2,0x210000b0
2,0x210000d0
2,0x210000e0
2,0x21007000
2,0x2100b000
2,0x2100d000
2,0x2100e000
2,0x22000000
2,0x22000070
2,0x220000b0
2,0x220000d0
2,0x220000e0
2,0x22007000
2,0x2200b000
2,0x2200d000
2,0x2200e000
2,0x23000000
2,0x23000030
2,0x23000050
2,0x23000060
2,0x23000090
2,0x230000a0
2,0x230000c0
2,0x23003000
2,0x23005000
2,0x23006000
2,0x23009000
2,0x2300a000
2,0x2300c000
2,0x24000000
2,0x24000070
2,0x240000b0
2,0x240000d0
2,0x240000e0
2,0x24007000
2,0x2400b000
2,0x2400d000
2,0x2400e000
2,0x25000000
2,0x25000030
2,0x25000050
2,0x25000060
2,0x25000090
2,0x250000a0
2,0x250000c0
2,0x25003000
2,0x25005000
2,0x25006000
2,0x25009000
2,0x2500a000
2,0x2500c000
2,0x26000000
2,0x26000030
2,0x26000050
2,0x26000060
2,0x26000090
2,0x260000a0
2,0x260000c0
2,0x26003000
2,0x26005000
2,0x26006000
2,0x26009000
2,0x2600a000
2,0x2600c000
2,0x27000000
2,0x27000010
2,0x27000020
2,0x27000040
2,0x27000080
2,0x27001000
2,0x27002000
2,0x27004000
2,0x27008000
2,0x28000000
2,0x28000070
2,0x280000b0
2,0x280000d0
2,0x280000e0
2,0x28007000
2,0x2800b000
2,0x2800d000
2,0x2800e000
2,0x29000000
2,0x29000030
2,0x29000050
2,0x29000060
2,0x29000090
2,0x290000a0
2,0x290000c0
2,0x29003000
2,0x29005000
2,0x29006000
2,0x29009000
2,0x2900a000
2,0x2900c000
2,0x2a000000
2,0x2a000030
2,0x2a000050
2,0x2a000060
2,0x2a000090
2,0x2a0000a0
2,0x2a0000c0
2,0x2a003000
2,0x2a005000
2,0x2a006000
2,0x2a009000
2,0x2a00a000
2,0x2a00c000
2,0x2b000000
2,0x2b000010
2,0x2b000020
2,0x2b000040
2,0x2b000080
2,0x2b001000
2,0x2b002000
2,0x2b004000
2,0x2b008000
2,0x2c000000
2,0x2c000030
2,0x2c000050
2,0x2c000060
2,0x2c000090
2,0x2c0000a0
2,0x2c0000c0
2,0x2c003000
2,0x2c005000
2,0x2c006000
2,0x2c009000
2,0x2c00a000
2,0x2c00c000
2,0x2d000000
2,0x2d000010
2,0x2d000020
2,0x2d000040
2,0x2d000080
2,0x2d001000
2,0x2d002000
2,0x2d004000
2,0x2d008000
2,0x2e000000
2,0x2e000010
2,0x2e000020
2,0x2e000040
2,0x2e000080
2,0x2e001000
2,0x2e002000
2,0x2e004000
2,0x2e008000
2,0x2f000000
2,0x30000000
2,0x30000001
2,0x30000002
2,0x30000003
2,0x30000004
2,0x30000005
2,0x30000006
2,0x30000007
2,0x30000008
2,0x30000009
2,0x3000000a
2,0x3000000b
2,0x3000000c
2,0x3000000d
2,0x3000000e
2,0x3000000f
2,0x30000010
2,0x30000020
2,0x30000030
2,0x30000040
2,0x30000050
2,0x30000060
2,0x30000070
2,0x30000080
2,0x30000090
2,0x300000a0
2,0x300000b0
2,0x300000c0
2,0x300000d0
2,0x300000e0
2,0x300000f0
2,0x30000100
2,0x30000200
2,0x30000300
2,0x30000400
2,0x30000500
2,0x30000600
2,0x30000700
2,0x30000800
2,0x30000900
2,0x30000a00
2,0x30000b00
2,0x30000c00
2,0x30000d00
2,0x30000e00
2,0x30000f00
2,0x30001000
2,0x30002000
2,0x30003000
2,0x30004000
2,0x30005000
2,0x30006000
2,0x30007000
2,0x30008000
2,0x30009000
2,0x3000a000
2,0x3000b000
2,0x3000c000
2,0x3000d000
2,0x3000e000
2,0x3000f000
2,0x30010000
2,0x30020000
2,0x30030000
2,0x30040000
2,0x30050000
2,0x30060000
2,0x30070000
2,0x30080000
2,0x30090000
2,0x300a0000
2,0x300b0000
2,0x300c0000
2,0x300d0000
2,0x300e0000
2,0x300f0000
2,0x30100000
2,0x30200000
2,0x30300000
2,0x30400000
2,0x30500000
2,0x30600000
2,0x30700000
2,0x30800000
2,0x30900000
2,0x30a00000
2,0x30b00000
2,0x30c00000
2,0x30d00000
2,0x30e00000
2,0x30f00000
2,0x32000000
2,0x34000000
2,0x36000000
2,0x40000000
2,0x40000001
2,0x40000002
2,0x40000003
2,0x40000004
2,0x40000005
2,0x40000006
2,0x40000007
2,0x40000008
2,0x40000009
2,0x4000000a
2,0x4000000b
2,0x4000000c
2,0x4000000d
2,0x4000000e
2,0x4000000f
2,0x40000010
2,0x40000020
2,0x40000030
2,0x40000040
2,0x40000050
2,0x40000060
2,0x40000070
2,0x40000080
2,0x40000090
2,0x400000a0
2,0x400000b0
2,0x400000c0
2,0x400000d0
2,0x400000e0
2,0x400000f0
2,0x40000100
2,0x40000200
2,0x40000300
2,0x40000400
2,0x40000500
2,0x40000600
2,0x40000700
2,0x40000800
2,0x40000900
2,0x40000a00
2,0x40000b00
2,0x40000c00
2,0x40000d00
2,0x40000e00
2,0x40000f00
2,0x40001000
2,0x40002000
2,0x40003000
2,0x40004000
2,0x40005000
2,0x40006000
2,0x40007000
2,0x40008000
2,0x40009000
2,0x4000a000
2,0x4000b000
2,0x4000c000
2,0x4000d000
2,0x4000e000
2,0x4000f000
2,0x40010000
2,0x40020000
2,0x40030000
2,0x40040000
2,0x40050000
2,0x40060000
2,0x40070000
2,0x40080000
2,0x40090000
2,0x400a0000
2,0x400b0000
2,0x400c0000
2,0x400d0000
2,0x400e0000
2,0x400f0000
2,0x40100000
2,0x40200000
2,0x40300000
2,0x40400000
2,0x40500000
2,0x40600000
2,0x40700000
2,0x40800000
2,0x40900000
2,0x40a00000
2,0x40b00000
2,0x40c00000
2,0x40d00000
2,0x40e00000
2,0x40f00000
2,0x41000000
2,0x42000000
2,0x43000000
2,0x44000000
2,0x45000000
2,0x46000000
2,0x47000000
2,0x48000000
2,0x49000000
2,0x4a000000
2,0x4b000000
2,0x4c000000
2,0x4d000000
2,0x4e000000
2,0x50000000
2,0x50000001
2,0x50000002
2,0x50000003
2,0x50000004
2,0x50000005
2,0x50000006
2,0x50000007
2,0x50000008
2,0x50000009
2,0x5000000a
2,0x5000000b
2,0x5000000c
2,0x5000000d
2,0x5000000e
2,0x5000000f
2,0x50000010
2,0x50000020
2,0x50000030
2,0x50000040
2,0x50000050
2,0x50000060
2,0x50000070
2,0x50000080
2,0x50000090
2,0x500000a0
2,0x500000b0
2,0x500000c0
2,0x500000d0
2,0x500000e0
2,0x500000f0
2,0x50000100
2,0x50000200
2,0x50000300
2,0x50000400
2,0x50000500
2,0x50000600
2,0x50000700
2,0x50000800
2,0x50000900
2,0x50000a00
2,0x50000b00
2,0x50000c00
2,0x50000d00
2,0x50000e00
2,0x50000f00
2,0x50001000
2,0x50002000
2,0x50003000
2,0x50004000
2,0x50005000
2,0x50006000
2,0x50007000
2,0x50008000
2,0x50009000
2,0x5000a000
2,0x5000b000
2,0x5000c000
2,0x5000d000
2,0x5000e000
2,0x5000f000
2,0x50010000
2,0x50020000
2,0x50030000
2,0x50040000
2,0x50050000
2,0x50060000
2,0x50070000
2,0x50080000
2,0x50090000
2,0x500a0000
2,0x500b0000
2,0x500c0000
2,0x500d0000
2,0x500e0000
2,0x500f0000
2,0x50100000
2,0x50200000
2,0x50300000
2,0x50400000
2,0x50500000
2,0x50600000
2,0x50700000
2,0x50800000
2,0x50900000
2,0x50a00000
2,0x50b00000
2,0x50c00000
2,0x50d00000
2,0x50e00000
2,0x50f00000
2,0x51000000
2,0x52000000
2,0x53000000
2,0x54000000
2,0x55000000
2,0x56000000
2,0x57000000
2,0x58000000
2,0x59000000
2,0x5a000000
2,0x5b000000
2,0x5c000000
2,0x5d000000
2,0x5e000000
2,0x60000000
2,0x60000001
2,0x60000002
2,0x60000003
2,0x60000004
2,0x60000005
2,0x60000006
2,0x60000007
2,0x60000008
2,0x60000009
2,0x6000000a
2,0x6000000b
2,0x6000000c
2,0x6000000d
2,0x6000000e
2,0x6000000f
2,0x60000010
2,0x60000020
2,0x60000030
2,0x60000040
2,0x60000050
2,0x60000060
2,0x60000070
2,0x60000080
2,0x60000090
2,0x600000a0
2,0x600000b0
2,0x600000c0
2,0x600000d0
2,0x600000e0
2,0x600000f0
2,0x60000100
2,0x60000200
2,0x60000300
2,0x60000400
2,0x60000500
2,0x60000600
2,0x60000700
2,0x60000800
2,0x60000900
2,0x60000a00
2,0x60000b00
2,0x60000c00
2,0x60000d00
2,0x60000e00
2,0x60000f00
2,0x60001000
2,0x60002000
2,0x60003000
2,0x60004000
2,0x60005000
2,0x60006000
2,0x60007000
2,0x60008000
2,0x60009000
2,0x6000a000
2,0x6000b000
2,0x6000c000
2,0x6000d000
2,0x6000e000
2,0x6000f000
2,0x60010000
2,0x60020000
2,0x60030000
2,0x60040000
2,0x60050000
2,0x60060000
2,0x60070000
2,0x60080000
2,0x60090000
2,0x600a0000
2,0x600b0000
2,0x600c0000
2,0x600d0000
2,0x600e0000
2,0x600f0000
2,0x60100000
2,0x60200000
2,0x60300000
2,0x60400000
2,0x60500000
2,0x60600000
2,0x60700000
2,0x60800000
2,0x60900000
2,0x60a00000
2,0x60b00000
2,0x60c00000
2,0x60d00000
2,0x60e00000
2,0x60f00000
2,0x61000000
2,0x62000000
2,0x63000000
2,0x64000000
2,0x65000000
2,0x66000000
2,0x67000000
2,0x68000000
2,0x69000000
2,0x6a000000
2,0x6b000000
2,0x6c000000
2,0x6d000000
2,0x6e000000
2,0x70000000
2,0x70000001
2,0x70000002
2,0x70000003
2,0x70000004
2,0x70000005
2,0x70000006
2,0x70000007
2,0x70000008
2,0x70000009
2,0x7000000a
2,0x7000000b
2,0x7000000c
2,0x7000000d
2,0x7000000e
2,0x7000000f
2,0x70000010
2,0x70000020
2,0x70000030
2,0x70000040
2,0x70000050
2,0x70000060
2,0x70000070
2,0x70000080
2,0x70000090
2,0x700000a0
2,0x700000b0
2,0x700000c0
2,0x700000d0
2,0x700000e0
2,0x700000f0
2,0x70000100
2,0x70000200
2,0x70000300
2,0x70000400
2,0x70000500
2,0x70000600
2,0x70000700
2,0x70000800
2,0x70000900
2,0x70000a00
2,0x70000b00
2,0x70000c00
2,0x70000d00
2,0x70000e00
2,0x70000f00
2,0x70001000
2,0x70002000
2,0x70003000
2,0x70004000
2,0x70005000
2,0x70006000
2,0x70007000
2,0x70008000
2,0x70009000
2,0x7000a000
2,0x7000b000
2,0x7000c000
2,0x7000d000
2,0x7000e000
2,0x7000f000
2,0x70010000
2,0x70020000
2,0x70030000
2,0x70040000
2,0x70050000
2,0x70060000
2,0x70070000
2,0x70080000
2,0x70090000
2,0x700a0000
2,0x700b0000
2,0x700c0000
2,0x700d0000
2,0x700e0000
2,0x700f0000
2,0x70100000
2,0x70200000
2,0x70300000
2,0x70400000
2,0x70500000
2,0x70600000
2,0x70700000
2,0x70800000
2,0x70900000
2,0x70a00000
2,0x70b00000
2,0x70c00000
2,0x70d00000
2,0x70e00000
2,0x70f00000
2,0x71000000
2,0x72000000
2,0x73000000
2,0x74000000
2,0x75000000
2,0x76000000
2,0x77000000
2,0x78000000
2,0x79000000
2,0x7a000000
2,0x7b000000
2,0x7c000000
2,0x7d000000
2,0x7e000000
2,0x80000000
2,0x80000001
2,0x80000002
2,0x80000003
2,0x80000004
2,0x80000005
2,0x80000006
2,0x80000007
2,0x80000008
2,0x80000009
2,0x8000000a
2,0x8000000b
2,0x8000000c
2,0x8000000d
2,0x8000000e
2,0x8000000f
2,0x80000010
2,0x80000020
2,0x80000030
2,0x80000040
2,0x80000050
2,0x80000060
2,0x80000070
2,0x80000080
2,0x80000090
2,0x800000a0
2,0x800000b0
2,0x800000c0
2,0x800000d0
2,0x800000e0
2,0x800000f0
2,0x80000100
2,0x80000200
2,0x80000300
2,0x80000400
2,0x80000500
2,0x80000600
2,0x80000700
2,0x80000800
2,0x80000900
2,0x80000a00
2,0x80000b00
2,0x80000c00
2,0x80000d00
2,0x80000e00
2,0x80000f00
2,0x80001000
2,0x80002000
2,0x80003000
2,0x80004000
2,0x80005000
2,0x80006000
2,0x80007000
2,0x80008000
2,0x80009000
2,0x8000a000
2,0x8000b000
2,0x8000c000
2,0x8000d000
2,0x8000e000
2,0x8000f000
2,0x80010000
2,0x80020000
2,0x80030000
2,0x80040000
2,0x80050000
2,0x80060000
2,0x80070000
2,0x80075000
2,0x80076000
2,0x80080000
2,0x80090000
2,0x80097000
2,0x800a0000
2,0x800a7000
2,0x800b0000
2,0x800b5000
2,0x800b6000
2,0x800c0000
2,0x800c00e0
2,0x800c7000
2,0x800d0000
2,0x800d5000
2,0x800d6000
2,0x800e0000
2,0x800e00c0
2,0x800e5000
2,0x800e6000
2,0x800f0000
2,0x800f2000
2,0x800f4000
2,0x80100000
2,0x80100f00
2,0x8010f000
2,0x80200000
2,0x8020000f
2,0x80200f00
2,0x8020f000
2,0x80300000
2,0x80300007
2,0x8030000b
2,0x8030000d
2,0x8030000e
2,0x80300700
2,0x80300b00
2,0x80300d00
2,0x80300e00
2,0x80307000
2,0x8030b000
2,0x8030d000
2,0x8030e000
2,0x80400000
2,0x8040000f
2,0x8040f000
2,0x80500000
2,0x80500007
2,0x8050000b
2,0x8050000e
2,0x80500700
2,0x80500b00
2,0x80500d00
2,0x80500e00
2,0x80507000
2,0x8050b000
2,0x8050d000
2,0x8050e000
2,0x80600000
2,0x80600007
2,0x8060000b
2,0x8060000d
2,0x8060000e
2,0x80600700
2,0x80600b00
2,0x80600d00
2,0x80600e00
2,0x80607000
2,0x8060b000
2,0x8060d000
2,0x8060e000
2,0x80700000
2,0x80700003
2,0x80700005
2,0x80700006
2,0x80700009
2,0x8070000a
2,0x8070000c
2,0x80700300
2,0x80700500
2,0x80700600
2,0x80700900
2,0x80700a00
2,0x80700c00
2,0x80703000
2,0x80705000
2,0x80706000
2,0x80709000
2,0x8070a000
2,0x8070c000
2,0x80800000
2,0x8080000f
2,0x80800f00
2,0x8080f000
2,0x80900000
2,0x80900007
2,0x8090000b
2,0x8090000d
2,0x8090000e
2,0x80900700
2,0x80900b00
2,0x80900d00
2,0x80900e00
2,0x80907000
2,0x8090b000
2,0x8090d000
2,0x8090e000
2,0x80a00000
2,0x80a00007
2,0x80a0000b
2,0x80a0000d
2,0x80a0000e
2,0x80a00700
2,0x80a00b00
2,0x80a00d00
2,0x80a00e00
2,0x80a07000
2,0x80a0b000
2,0x80a0d000
2,0x80a0e000
2,0x80b00000
2,0x80b00005
2,0x80b00009
2,0x80b0000c
2,0x80b00500
2,0x80b00600
2,0x80b00900
2,0x80b00c00
2,0x80b03000
2,0x80b05000
2,0x80b06000
2,0x80b09000
2,0x80b0a000
2,0x80b0c000
2,0x80c00000
2,0x80c00007
2,0x80c0000b
2,0x80c0000d
2,0x80c0000e
2,0x80c00700
2,0x80c00b00
2,0x80c00d00
2,0x80c00e00
2,0x80c07000
2,0x80c0b000
2,0x80c0d000
2,0x80c0e000
2,0x80d00000
2,0x80d00003
2,0x80d00005
2,0x80d00006
2,0x80d00009
2,0x80d0000a
2,0x80d0000c
2,0x80d00300
2,0x80d00500
2,0x80d00600
2,0x80d00900
2,0x80d00a00
2,0x80d00c00
2,0x80d03000
2,0x80d05000
2,0x80d06000
2,0x80d09000
2,0x80d0a000
2,0x80d0c000
2,0x80e00000
2,0x80e00003
2,0x80e00005
2,0x80e00006
2,0x80e00009
2,0x80e0000a
2,0x80e0000c
2,0x80e00300
2,0x80e00500
2,0x80e00600
2,0x80e00900
2,0x80e00a00
2,0x80e00c00
2,0x80e03000
2,0x80e05000
2,0x80e06000
2,0x80e09000
2,0x80e0a000
2,0x80e0c000
2,0x80f00000
2,0x80f00001
2,0x80f00002
2,0x80f00100
2,0x80f00200
2,0x80f00400
2,0x80f00800
2,0x80f01000
2,0x80f02000
2,0x80f04000
2,0x80f08000
2,0x810000f0
2,0x82000000
2,0x820000f0
2,0x83000070
2,0x830000d0
2,0x84000000
2,0x850000d0
2,0x86000000
2,0x86000070
2,0x87000030
2,0x87000060
2,0x890000d0
2,0x8900b000
2,0x8900d000
2,0x8a0000e0
2,0x90000000
2,0x90000001
2,0x90000002
2,0x90000003
2,0x90000004
2,0x90000005
2,0x90000006
2,0x90000007
2,0x90000008
2,0x90000009
2,0x9000000a
2,0x9000000b
2,0x9000000c
2,0x9000000d
2,0x9000000e
2,0x9000000f
2,0x90000010
2,0x90000020
2,0x90000030
2,0x90000040
2,0x90000050
2,0x90000060
2,0x90000070
2,0x90000080
2,0x90000090
2,0x900000a0
2,0x900000b0
2,0x900000c0
2,0x900000d0
2,0x900000e0
2,0x900000f0
2,0x90000100
2,0x90000200
2,0x90000300
2,0x90000400
2,0x90000500
2,0x90000600
2,0x90000700
2,0x90000800
2,0x90000900
2,0x90000a00
2,0x90000b00
2,0x90000c00
2,0x90000d00
2,0x90000e00
2,0x90000f00
2,0x90001000
2,0x90002000
2,0x90003000
2,0x90004000
2,0x90005000
2,0x90006000
2,0x90007000
2,0x90008000
2,0x90009000
2,0x9000a000
2,0x9000b000
2,0x9000c000
2,0x9000d000
2,0x9000e000
2,0x9000f000
2,0x90010000
2,0x90020000
2,0x90030000
2,0x90040000
2,0x90050000
2,0x90060000
2,0x90070000
2,0x90080000
2,0x90090000
2,0x900a0000
2,0x900b0000
2,0x900c0000
2,0x900d0000
2,0x900e0000
2,0x900f0000
2,0x90100000
2,0x90200000
2,0x90300000
2,0x90400000
2,0x90500000
2,0x90600000
2,0x90700000
2,0x90800000
2,0x90900000
2,0x90a00000
2,0x90b00000
2,0x90c00000
2,0x90d00000
2,0x90e00000
2,0x90f00000
2,0x92000000
2,0x94000000
2,0x96000000
2,0xa0000000
2,0xa0000001
2,0xa0000002
2,0xa0000003
2,0xa0000004
2,0xa0000005
2,0xa0000006
2,0xa0000007
2,0xa0000008
2,0xa0000009
2,0xa000000a
2,0xa000000b
2,0xa000000c
2,0xa000000d
2,0xa000000e
2,0xa000000f
2,0xa0000010
2,0xa0000020
2,0xa0000030
2,0xa0000040
2,0xa0000050
2,0xa0000060
2,0xa0000070
2,0xa0000080
2,0xa0000090
2,0xa00000a0
2,0xa00000b0
2,0xa00000c0
2,0xa00000d0
2,0xa00000e0
2,0xa00000f0
2,0xa0000100
2,0xa0000200
2,0xa0000300
2,0xa0000400
2,0xa0000500
2,0xa0000600
2,0xa0000700
2,0xa0000800
2,0xa0000900
2,0xa0000a00
2,0xa0000b00
2,0xa0000c00
2,0xa0000d00
2,0xa0000e00
2,0xa0000f00
2,0xa0001000
2,0xa0002000
2,0xa0003000
2,0xa0004000
2,0xa0005000
2,0xa0006000
2,0xa0007000
2,0xa0008000
2,0xa0009000
2,0xa000a000
2,0xa000b000
2,0xa000c000
2,0xa000d000
2,0xa000e000
2,0xa000f000
2,0xa0010000
2,0xa0020000
2,0xa0030000
2,0xa0040000
2,0xa0050000
2,0xa0060000
2,0xa0070000
2,0xa0080000
2,0xa0090000
2,0xa00a0000
2,0xa00b0000
2,0xa00c0000
2,0xa00d0000
2,0xa00e0000
2,0xa00f0000
2,0xa0100000
2,0xa0200000
2,0xa0300000
2,0xa0400000
2,0xa0500000
2,0xa0600000
2,0xa0700000
2,0xa0800000
2,0xa0900000
2,0xa0a00000
2,0xa0b00000
2,0xa0c00000
2,0xa0d00000
2,0xa0e00000
2,0xa0f00000
2,0xa2000000
2,0xa4000000
2,0xa6000000
2,0xb0000000
2,0xb0000001
2,0xb0000002
2,0xb0000003
2,0xb0000004
2,0xb0000005
2,0xb0000006
2,0xb0000007
2,0xb0000008
2,0xb0000009
2,0xb000000a
2,0xb000000b
2,0xb000000c
2,0xb000000d
2,0xb000000e
2,0xb000000f
2,0xb0000010
2,0xb0000020
2,0xb0000030
2,0xb0000040
2,0xb0000050
2,0xb0000060
2,0xb0000070
2,0xb0000080
2,0xb0000090
2,0xb00000a0
2,0xb00000b0
2,0xb00000c0
2,0xb00000d0
2,0xb00000e0
2,0xb00000f0
2,0xb0000100
2,0xb0000200
2,0xb0000300
2,0xb0000400
2,0xb0000500
2,0xb0000600
2,0xb0000700
2,0xb0000800
2,0xb0000900
2,0xb0000a00
2,0xb0000b00
2,0xb0000c00
2,0xb0000d00
2,0xb0000e00
2,0xb0000f00
2,0xb0001000
2,0xb0002000
2,0xb0003000
2,0xb0004000
2,0xb0005000
2,0xb0006000
2,0xb0007000
2,0xb0008000
2,0xb0009000
2,0xb000a000
2,0xb000b000
2,0xb000c000
2,0xb000d000
2,0xb000e000
2,0xb000f000
2,0xb0010000
2,0xb0020000
2,0xb0030000
2,0xb0040000
2,0xb0050000
2,0xb0060000
2,0xb0070000
2,0xb0080000
2,0xb0090000
2,0xb00a0000
2,0xb00b0000
2,0xb00c0000
2,0xb00d0000
2,0xb00e0000
2,0xb00f0000
2,0xb0100000
2,0xb0200000
2,0xb0300000
2,0xb0400000
2,0xb0500000
2,0xb0600000
2,0xb0700000
2,0xb0800000
2,0xb0900000
2,0xb0a00000
2,0xb0b00000
2,0xb0c00000
2,0xb0d00000
2,0xb0e00000
2,0xb0f00000
2,0xb2000000
2,0xb4000000
2,0xb6000000
2,0xc0000000
2,0xc0000001
2,0xc0000002
2,0xc0000003
2,0xc0000004
2,0xc0000005
2,0xc0000006
2,0xc0000007
2,0xc0000008
2,0xc0000009
2,0xc000000a
2,0xc000000b
2,0xc000000c
2,0xc000000d
2,0xc000000e
2,0xc000000f
2,0xc0000010
2,0xc0000020
2,0xc0000030
2,0xc0000040
2,0xc0000050
2,0xc0000060
2,0xc0000070
2,0xc0000080
2,0xc0000090
2,0xc00000a0
2,0xc00000b0
2,0xc00000c0
2,0xc00000d0
2,0xc00000e0
2,0xc00000f0
2,0xc0000100
2,0xc0000200
2,0xc0000300
2,0xc0000400
2,0xc0000500
2,0xc0000600
2,0xc0000700
2,0xc0000800
2,0xc0000900
2,0xc0000a00
2,0xc0000b00
2,0xc0000c00
2,0xc0000d00
2,0xc0000e00
2,0xc0000f00
2,0xc0001000
2,0xc0002000
2,0xc0003000
2,0xc0004000
2,0xc0005000
2,0xc0006000
2,0xc0007000
2,0xc0008000
2,0xc0009000
2,0xc000a000
2,0xc000b000
2,0xc000c000
2,0xc000d000
2,0xc000e000
2,0xc000f000
2,0xc0010000
2,0xc0020000
2,0xc0030000
2,0xc0040000
2,0xc0050000
2,0xc0060000
2,0xc0070000
2,0xc0080000
2,0xc0090000
2,0xc00a0000
2,0xc00b0000
2,0xc00c0000
2,0xc00d0000
2,0xc00e0000
2,0xc00f0000
2,0xc0100000
2,0xc0200000
2,0xc0300000
2,0xc0400000
2,0xc0500000
2,0xc0600000
2,0xc0700000
2,0xc0800000
2,0xc0900000
2,0xc0a00000
2,0xc0b00000
2,0xc0c00000
2,0xc0d00000
2,0xc0e00000
2,0xc0f00000
2,0xc2000000
2,0xc4000000
2,0xc6000000
2,0xd0000000
2,0xd0000001
2,0xd0000002
2,0xd0000003
2,0xd0000004
2,0xd0000005
2,0xd0000006
2,0xd0000007
2,0xd0000008
2,0xd0000009
2,0xd000000a
2,0xd000000b
2,0xd000000c
2,0xd000000d
2,0xd000000e
2,0xd000000f
2,0xd0000010
2,0xd0000020
2,0xd0000030
2,0xd0000040
2,0xd0000050
2,0xd0000060
2,0xd0000070
2,0xd0000080
2,0xd0000090
2,0xd00000a0
2,0xd00000b0
2,0xd00000c0
2,0xd00000d0
2,0xd00000e0
2,0xd00000f0
2,0xd0000100
2,0xd0000200
2,0xd0000300
2,0xd0000400
2,0xd0000500
2,0xd0000600
2,0xd0000700
2,0xd0000800
2,0xd0000900
2,0xd0000a00
2,0xd0000b00
2,0xd0000c00
2,0xd0000d00
2,0xd0000e00
2,0xd0000f00
2,0xd0001000
2,0xd0002000
2,0xd0003000
2,0xd0004000
2,0xd0005000
2,0xd0006000
2,0xd0007000
2,0xd0008000
2,0xd0009000
2,0xd000a000
2,0xd000b000
2,0xd000c000
2,0xd000d000
2,0xd000e000
2,0xd000f000
2,0xd0010000
2,0xd0020000
2,0xd0030000
2,0xd0040000
2,0xd0050000
2,0xd0060000
2,0xd0070000
2,0xd0080000
2,0xd0090000
2,0xd00a0000
2,0xd00b0000
2,0xd00c0000
2,0xd00d0000
2,0xd00e0000
2,0xd00f0000
2,0xd0100000
2,0xd0200000
2,0xd0300000
2,0xd0400000
2,0xd0500000
2,0xd0600000
2,0xd0700000
2,0xd0800000
2,0xd0900000
2,0xd0a00000
2,0xd0b00000
2,0xd0c00000
2,0xd0d00000
2,0xd0e00000
2,0xd0f00000
2,0xd2000000
2,0xd4000000
2,0xd6000000
2,0xe0000000
2,0xe0000001
2,0xe0000002
2,0xe0000003
2,0xe0000004
2,0xe0000005
2,0xe0000006
2,0xe0000007
2,0xe0000008
2,0xe0000009
2,0xe000000a
2,0xe000000b
2,0xe000000c
2,0xe000000d
2,0xe000000e
2,0xe000000f
2,0xe0000010
2,0xe0000020
2,0xe0000030
2,0xe0000040
2,0xe0000050
2,0xe0000060
2,0xe0000070
2,0xe0000080
2,0xe0000090
2,0xe00000a0
2,0xe00000b0
2,0xe00000c0
2,0xe00000d0
2,0xe00000e0
2,0xe00000f0
2,0xe0000100
2,0xe0000200
2,0xe0000300
2,0xe0000400
2,0xe0000500
2,0xe0000600
2,0xe0000700
2,0xe0000800
2,0xe0000900
2,0xe0000a00
2,0xe0000b00
2,0xe0000c00
2,0xe0000d00
2,0xe0000e00
2,0xe0000f00
2,0xe0001000
2,0xe0002000
2,0xe0003000
2,0xe0004000
2,0xe0005000
2,0xe0006000
2,0xe0007000
2,0xe0008000
2,0xe0009000
2,0xe000a000
2,0xe000b000
2,0xe000c000
2,0xe000d000
2,0xe000e000
2,0xe000f000
2,0xe0010000
2,0xe0020000
2,0xe0030000
2,0xe0040000
2,0xe0050000
2,0xe0060000
2,0xe0070000
2,0xe0080000
2,0xe0090000
2,0xe00a0000
2,0xe00b0000
2,0xe00c0000
2,0xe00d0000
2,0xe00e0000
2,0xe00f0000
2,0xe0100000
2,0xe0200000
2,0xe0300000
2,0xe0400000
2,0xe0500000
2,0xe0600000
2,0xe0700000
2,0xe0800000
2,0xe0900000
2,0xe0a00000
2,0xe0b00000
2,0xe0c00000
2,0xe0d00000
2,0xe0e00000
2,0xe0f00000
2,0xe2000000
2,0xe4000000
2,0xe6000000
2,0xf0000000
2,0xf0000001
2,0xf0000002
2,0xf0000003
2,0xf0000004
2,0xf0000005
2,0xf0000006
2,0xf0000007
2,0xf0000008
2,0xf0000009
2,0xf000000a
2,0xf000000b
2,0xf000000c
2,0xf000000d
2,0xf000000e
2,0xf000000f
2,0xf0000010
2,0xf0000020
2,0xf0000030
2,0xf0000040
2,0xf0000050
2,0xf0000060
2,0xf0000070
2,0xf0000080
2,0xf0000090
2,0xf00000a0
2,0xf00000b0
2,0xf00000c0
2,0xf00000d0
2,0xf00000e0
2,0xf00000f0
2,0xf0000100
2,0xf0000200
2,0xf0000300
2,0xf0000400
2,0xf0000500
2,0xf0000600
2,0xf0000700
2,0xf0000800
2,0xf0000900
2,0xf0000a00
2,0xf0000b00
2,0xf0000c00
2,0xf0000d00
2,0xf0000e00
2,0xf0000f00
2,0xf0001000
2,0xf00010f0
2,0xf0002000
2,0xf000200f
2,0xf00020f0
2,0xf0002f00
2,0xf0003000
2,0xf0003070
2,0xf00030b0
2,0xf00030d0
2,0xf00030e0
2,0xf0003b00
2,0xf0003d00
2,0xf0004000
2,0xf000400f
2,0xf00040f0
2,0xf0004f00
2,0xf0005000
2,0xf0005007
2,0xf000500b
2,0xf000500d
2,0xf000500e
2,0xf0005070
2,0xf00050b0
2,0xf00050d0
2,0xf00050e0
2,0xf0005b00
2,0xf0005d00
2,0xf0005e00
2,0xf0006000
2,0xf0006007
2,0xf000600b
2,0xf000600d
2,0xf000600e
2,0xf0006070
2,0xf00060b0
2,0xf00060d0
2,0xf00060e0
2,0xf0006b00
2,0xf0006d00
2,0xf0006e00
2,0xf0007000
2,0xf0007003
2,0xf0007005
2,0xf0007006
2,0xf0007009
2,0xf000700a
2,0xf000700c
2,0xf0007030
2,0xf0007050
2,0xf0007060
2,0xf0007090
2,0xf00070a0
2,0xf00070c0
2,0xf0007500
2,0xf0007600
2,0xf0007900
2,0xf0007a00
2,0xf0007c00
2,0xf0008000
2,0xf00080f0
2,0xf0009000
2,0xf0009070
2,0xf00090b0
2,0xf00090d0
2,0xf00090e0
2,0xf0009b00
2,0xf0009d00
2,0xf000a000
2,0xf000a070
2,0xf000a0b0
2,0xf000a0d0
2,0xf000a0e0
2,0xf000ab00
2,0xf000ad00
2,0xf000b000
2,0xf000b030
2,0xf000b050
2,0xf000b060
2,0xf000b090
2,0xf000b0a0
2,0xf000b0c0
2,0xf000b900
2,0xf000c000
2,0xf000c070
2,0xf000c0b0
2,0xf000c0d0
2,0xf000c0e0
2,0xf000cb00
2,0xf000cd00
2,0xf000d000
2,0xf000d030
2,0xf000d050
2,0xf000d060
2,0xf000d090
2,0xf000d0a0
2,0xf000d0c0
2,0xf000d900
2,0xf000e000
2,0xf000e030
2,0xf000e050
2,0xf000e060
2,0xf000e090
2,0xf000e0a0
2,0xf000e0c0
2,0xf000e900
2,0xf000f000
2,0xf000f010
2,0xf000f020
2,0xf000f040
2,0xf000f080
2,0xf0010000
2,0xf0020000
2,0xf0030000
2,0xf0037000
2,0xf0040000
2,0xf0050000
2,0xf0057000
2,0xf0060000
2,0xf0067000
2,0xf0070000
2,0xf0075000
2,0xf0076000
2,0xf0080000
2,0xf0090000
2,0xf0097000
2,0xf00a0000
2,0xf00a7000
2,0xf00b0000
2,0xf00b5000
2,0xf00b6000
2,0xf00c0000
2,0xf00c00e0
2,0xf00c7000
2,0xf00d0000
2,0xf00d5000
2,0xf00d6000
2,0xf00e0000
2,0xf00f0000
2,0xf0100000
2,0xf0200000
2,0xf0300000
2,0xf0400000
2,0xf0500000
2,0xf0600000
2,0xf0700000
2,0xf0800000
2,0xf0900000
2,0xf0a00000
2,0xf0b00000
2,0xf0c00000
2,0xf0d00000
2,0xf0e00000
2,0xf0f00000
2,0xf2000000
2,0xf4000000
2,0xf6000000
3,0x00000001
3,0x00000002
3,0x00000003
3,0x00000004
3,0x00000005
3,0x00000006
3,0x00000007
3,0x00000008
3,0x00000009
3,0x0000000a
3,0x0000000b
3,0x0000000c
3,0x0000000d
3,0x0000000e
3,0x0000000f
3,0x00000010
3,0x00000020
3,0x00000030
3,0x00000040
3,0x00000050
3,0x00000060
3,0x00000070
3,0x00000080
3,0x00000090
3,0x000000a0
3,0x000000b0
3,0x000000c0
3,0x000000d0
3,0x000000e0
3,0x000000f0
3,0x00001000
3,0x00002000
3,0x00002020
3,0x00003000
3,0x00004000
3,0x00004040
3,0x00005000
3,0x00006000
3,0x00006060
3,0x00007000
3,0x00008000
3,0x00009000
3,0x0000a000
3,0x0000b000
3,0x0000c000
3,0x0000d000
3,0x0000e000
3,0x0000f000
3,0x00010000
3,0x00020000
3,0x00030000
3,0x00040000
3,0x00050000
3,0x00060000
3,0x00070000
3,0x00080000
3,0x00090000
3,0x000a0000
3,0x000b0000
3,0x000c0000
3,0x000d0000
3,0x000e0000
3,0x000f0000
3,0x00100000
3,0x00200000
3,0x00300000
3,0x00400000
3,0x00500000
3,0x00600000
3,0x00700000
3,0x00800000
3,0x00900000
3,0x00a00000
3,0x00b00000
3,0x00c00000
3,0x00d00000
3,0x00e00000
3,0x00f00000
3,0x10000000
3,0x20000000
3,0x20200000
3,0x30000000
3,0x40000000
3,0x40400000
3,0x50000000
3,0x60000000
3,0x60600000
3,0x70000000
3,0x80000000
3,0x90000000
3,0xa0000000
3,0xb0000000
3,0xc0000000
3,0xd0000000
3,0xe0000000
3,0xf0000000
